Title,Description,City
"15 IncredibleThings to do in Kandy, Sri Lanka's Culture ...","Dec 1, 2023¬∑ Looking for the ultimate guide on places to visit in Kandy?! From the very best things to do in Sri Lanka‚Äôs cultural capital, to where to stay, our top tips, and how to get around, we‚Äôve got you covered.",Kandy
THE 15 BESTThings to Do in Kandy(2025) -Tripadvisor,"Things to Do in Kandy, Sri Lanka: See Tripadvisor's 150,681 traveler reviews and photos of Kandy tourist attractions. Find what to do today, this weekend, or in April. We have reviews of the best places to see in Kandy. Visit top-rated & must-see attractions.",Kandy
"18 BESTThings to do in Kandy, Sri Lanka (2025 Guide!)","Jan 3, 2025¬∑ We have put together the top 18 things to do in Kandy, but really, you can find so much more in this beautiful city! Don‚Äôt have time to read the full article? A few of our absolute favorite things to do in Kandy include: Admire the Royal Botanic Gardens, the largest botanical garden in the country!",Kandy
"9 GreatThings To Do in Kandy, Sri Lanka- Salt in our Hair ...","Feb 4, 2025¬∑ Things to do in Kandy. Apart from Sri Lanka‚Äôs stunning beaches, the country is also famous for its religious sites and spectacular train rides. This is where Kandy comes in on your Sri Lanka Route, as the gateway to one of the most epic train journeys in the world and host to a myriad of cultural exhibits.",Kandy
16 Amazingthings to do in Kandythat you'll absolutely love ...,"Jan 30, 2025¬∑ From exploring the sacred Temple of the Tooth to wandering the peaceful Royal Botanic Gardens, there are many incredible things to do in Kandy. The city‚Äôs vibrant streets, historic charm, and serene lake make it an unforgettable destination.",Kandy
"19 BESTThings to Do in Kandy2025 (Train, Temple, Markets)","Nov 15, 2024¬∑ In this guide, we cover all the amazing things to do in Kandy, Sri Lanka. We also have a guide on the best hostels in Kandy if you‚Äôre planning on staying overnight (which we recommend!). Before we traveled to Sri Lanka, some people (falsely) advised us to skip Kandy; and only take the train from here. And we are so glad we did not listen to them!",Kandy
13 BestThings To Do In KandyTo Bedazzle Your Sri Lankan ...,"Nov 17, 2021¬∑ Explore the city like a pro with this handy guide on best things to do in Kandy Sri Lanka! 1. Ashburnham Estate ‚Äì A Cuppa Steaming Tea. 2. Pinnawala Elephant Orphanage ‚Äì Elephant Ride. 3. Dambulla Cave Temple ‚Äì Leisure Stroll. 4. Nilambe Buddhist Meditation Centre ‚Äì Meditation. 5. Kandy Lake ‚Äì Nature Walk. 6. Horton Plains National Park ‚Äì Explore.",Kandy
"20 BESTThings to do in Colombo, Sri Lanka - Destinationless ...","Sep 9, 2024¬∑ There are the most beautiful temples, architectural wonders, and some of the best local Sri Lankan attractions hidden within this city. To make your planning easier, I have put ‚Ä¶",Colombo
Things to Do in Colombo,"Things to Do in Colombo, Sri Lanka: See Tripadvisor's 272,875 traveler reviews and photos of Colombo tourist attractions. Find what to do today, this weekend, or in April. We have reviews ‚Ä¶",Colombo
40 Seriously CoolThings to Do in Colombo- That‚Äôs What She Had,"Mar 7, 2025¬∑ The definitive guide to all the things to do in Colombo, Sri Lanka! From architecture gems, to historical places, to the best culinary expeirneces! Food and Travel Blog",Colombo
10+ IncredibleThings To Do In Colombo(+ Where To Eat) | The ...,"Aug 14, 2023¬∑ Discover the best things to do in Colombo, Sri Lanka with our comprehensive guide. From the historic Fort area to the bustling markets of Pettah, and the city‚Äôs stunning ‚Ä¶",Colombo
"THE 30 BESTThings to Do in Colombo, Sri Lanka (2025)","Gangaramaya (Vihara) Buddhist Temple, Mount Lavinia Beach, City Tours, Multi-day Tours. For personalised recommendations, try our AI trip-planning product. See what other travellers like ‚Ä¶",Colombo
One day in Colombo(Guide) ‚Äì TopThings To Do,"Apr 29, 2024¬∑ These are the top sights and things to do during your one day in Colombo. Despite its new contemporary veneer, authentic street life is still easy to find. A good place to put at the ‚Ä¶",Colombo
71Things to Do In Colombo- Holidify,"See most popular tourist places to visit in Colombo, top things to do, shopping and nightlife in Colombo, find entry timings, fees about various attractions in Colombo, Sri-Lanka",Colombo
"13+ IncredibleThings to Doin CharmingGalle Fort, Sri Lanka","Jun 1, 2024¬∑ Charming, exotic, and full of history: Galle is a must-see in Sri Lanka. Looking for the best places to visit in Galle Fort, Sri Lanka? Discover famous attractions, historic sites, ‚Ä¶",Galle
Things to Do in Galle,"Things to Do in Galle, Sri Lanka: See Tripadvisor's 76,021 traveler reviews and photos of Galle tourist attractions. Find what to do today, this weekend, or in March. We have reviews of the ‚Ä¶",Galle
33Places to visit in GalleSri-Lanka 2025 | Best Tourist places,"The top activities in Galle are Udawalawe National Park Safari Tour, Galle and Surrounding Areas Full Day Tour, Galle Private Car Charter, Whale Watching at Unawatuna Jungle Beach , ‚Ä¶",Galle
25 Best & FunThings to Do in Galle- The Tourist Checklist,"From wandering through the old fort to visiting local markets, you will find plenty of exciting options. Get ready to make wonderful memories in this vibrant city! 1. Explore the Historic ‚Ä¶",Galle
17 BestThings to Do in GalleSri Lanka 2024 | FootSteps.lk,"Aug 21, 2023¬∑ Step into the world of Galle, Sri Lanka, where history and beauty unite. Here, golden beaches meet amazing waves, and ancient stories echo through the air. Get ready to ‚Ä¶",Galle
THE 30 BESTPlaces to Visit in Galle(2025) -Tripadvisor,"Check out must-see sights and activities: Galle Dutch Fort, Sea Turtle Farm Galle Mahamodara, Nature and Wildlife Tours, Historic Sites. For personalised recommendations, try our AI trip ‚Ä¶",Galle
"12 BestPlaces to Visit in Galle,Things to Do& Sightseeing","Best tourist places to visit in Galle, Things to do in & around Galle, Sri Lanka - Explore top sightseeing attractions in Galle like Waterfalls, Lakes, Heritage & Pilgrimage sites along with ‚Ä¶",Galle
13things to do in Galle Sri Lanka: Everything you needto know,"Mar 16, 2020¬∑ A complete guide to places to visit in Galle, Sri Lanka. Includes 13 amazing things to do in Galle from stilt fishing, bike tours, restaurants, and more.",Galle
"13 BestThings to Do in Galle, Sri Lanka: Everything You Need to ‚Ä¶","Jan 1, 2024¬∑ Filling your days with cricket games, delicious eateries, and historical walls to walk around, you will have plenty to keep you busy on a visit to Galle. The fort town has become ‚Ä¶",Galle
"16 AmazingThings to Do in GalleFort, Sri Lanka (2025)","Mar 8, 2025¬∑ Galle Fort is one of the most popular places to visit in Sri Lanka and it is easy to understand why ‚Äì this is the country‚Äôs most charming town. On top of that, there are plenty of ‚Ä¶",Galle
"21 FunThings to do in Nuwara Eliya, Sri Lanka","Mar 1, 2025¬∑ So here you have it, 21 things to do in Nuwara Eliya, Sri Lanka! 1. Explore Lake Gregory. The beautiful Lake Gregory! Lake Gregory is the large lake in the center of Nuwara Eliya, Sri Lanka. It is surrounded by beautifully manicured gardens and mountains ‚Äì simply picture perfect! There are a few different ways you can explore Lake Gregory:",Nuwara Eliya
THE 15 BESTThings to Do in Nuwara Eliya(2025) -Tripadvisor,"Things to Do in Nuwara Eliya, Sri Lanka: See Tripadvisor's 80,122 traveler reviews and photos of Nuwara Eliya tourist attractions. Find what to do today, this weekend, or in March. We have reviews of the best places to see in Nuwara Eliya. Visit top-rated & must-see attractions.",Nuwara Eliya
12 EnthrallingThings To Do In Nuwara EliyaOn Your Vacation In ‚Ä¶,"Dec 6, 2024¬∑ Here is the list of the best things to do in Nuwara Eliya. Take a quick look and choose what all activities are you going to indulge in on your vacation! 1. Pedro Tea Estate: The Tea Tasting Ritual. Tea is the elixir of life.",Nuwara Eliya
17 BestThings to Do in Nuwara Eliya(a Local‚Äôs Guide),"Sep 28, 2024¬∑ After years of travel, I would like to share my favorite things to do in Nuwara Eliya with you. Sri Lankan hill country is stunning. You‚Äôll see gorgeous views of lush green mountains, waterfalls, and tiny houses scattered over the hills at every turn.",Nuwara Eliya
"Twodays in Nuwara Eliya, Sri Lanka - The bestthings to do","Jul 24, 2023¬∑ How to spend 2 days in Nuwara Eliya, Sri Lanka. Discover the best things to see and do, how to get there, where to stay and what to pack",Nuwara Eliya
15Things to Do in Nuwara Eliya- Holidify,There is no limit to what can one do in Nuwara Eliya! 1. Visit the Tea Plantations. Nuwara Eliya is known for its hills and tea estates sloping down on them. There are hundreds of acres of just tea plantations and estates all around Nuwara Eliya.,Nuwara Eliya
15 BestThings To Do In Nuwara Eliya (Sri Lanka),"From misty tea plantations and ancient temples to golden beaches and vibrant local markets, every detail is covered. Enjoy a fully customizable plan PLUS a pinned route map that reveals exactly where to go, what to see, and how to savor every moment.",Nuwara Eliya
"17 BestPlaces to Visit in Nuwara Eliya,Things to Do& Sightseeing","At a distance of 15 km from Nuwara Eliya Bus Stand, Mackwood Tea Factory is located at Labookellie near Nuwara Eliya in Sri Lanka. Also known as Labookellie Tea Factory, it is one of the finest tea centers in Sri Lanka and among the popular places to visit in Nuwara Eliya.",Nuwara Eliya
"Top 15 Must-Do Activities in Nuwara Eliya, Sri Lanka","Aug 30, 2023¬∑ Some must-do activities in Nuwara Eliya, Sri Lanka include visiting tea plantations, exploring Horton Plains National Park, taking a boat ride on Lake Gregory, and visiting the stunning Hakgala Botanical Gardens.",Nuwara Eliya
"TheTop Things to See and Do in Nuwara Eliya, Sri Lanka","Mar 17, 2021¬∑ Known as Little England, because some British settlers built their holiday bungalows here, Nuwara Eliya offers plenty to do, from hikes and jet ski rides for the adventurous, to markets, farm visits and colonial-era architecture for pleasure seekers ‚Äì and everyone should visit the tea estates.",Nuwara Eliya
33 Best Places to Visitin Mumbai-MumbaiTourism,"From beaches to theme parks, from historical sites to religious spots, from shopping centres to wide array of eateries, Mumbai offers something for everyone. Mumbai Tourism is ideal for all ‚Ä¶",Mumbai
11 BestThings to Do in MumbaiRight Now - Time Out,Wondering where to start in one of the most captivating cities in India? Start with the best things to do in Mumbai. They don‚Äôt call this place Maximum City without good reason. Mumbai is a...,Mumbai
THE 15 BESTThings to Do in Mumbai(2025) -Tripadvisor,"Things to Do in Mumbai, India: See Tripadvisor's 647,139 traveler reviews and photos of Mumbai tourist attractions. Find what to do today, this weekend, or in April. We have reviews of the ‚Ä¶",Mumbai
50Things to Do in Mumbai- 2025 (Starting from ‚Çπ357 Only),"Dec 2, 2015¬∑ What to Do in Mumbai? Visit Gateway Of India, Elephanta Caves Tour, Visit Chhatrapati Shivaji Terminus, Day Out at Marine Drive, Visit Haji Ali Dargah, Explore Kanheri ‚Ä¶",Mumbai
"42 BestThings To Do In Mumbai2024 (With Photos, Reviews)",There are a roster of fun activities and a plethora of things to do in Mumbai. From the very pretty Bandstand to the narro (Read More) w lanes of Andheri and the beautiful sunset at Haji Ali ‚Ä¶,Mumbai
Places to Visit in Mumbai,"Book these experiences for a close-up look at Mumbai. These rankings are informed by Tripadvisor data‚Äîwe consider traveller reviews, ratings, number of page views, and user ‚Ä¶",Mumbai
50 Super AmazingThings To Do In MumbaiOn Your Vacay,"May 20, 2021¬∑ From ferry rides to wildlife, from checking out local delicacies to exploring historical forts and religious places, Mumbai has everything, for everyone. Be it a family vacation or a ‚Ä¶",Mumbai
The topthings to do in Mumbai- Lonely Planet,"Feb 14, 2025¬∑ Discover the top things to do in Mumbai, from attending DIY theater productions to spotting art deco architecture and eating quintessential dishes.",Mumbai
Wantto dosomething fun? Indulge in these 7 interesting events ‚Ä¶,"1 day ago¬∑ Nature: The sun is out and so are the porcelain crabs, coral stars, and octopuses on the shores of Mumbai. Head to this expert-led marine walk by Naturalists Explorers along the ‚Ä¶",Mumbai
"15 BestThings To Do In Mumbai, India - Hand Luggage Only","Jan 15, 2025¬∑ Filled to the brim with incredible culture, historic buildings and the most amazing food, there is so many of the best things to do in Mumbai across the whole city. Obviously, if ‚Ä¶",Mumbai
75 BestThings to Do in (New) Delhi(India) by a Local,"May 5, 2023¬∑ Let‚Äôs explore the best things to do in Delhi: 1. Gawking at the Qutab Minar. Qutab Minar is one of Delhi‚Äôs top attraction and a renowned UNESCO world heritage site. Standing 240 feet tall, this tower was established in the year 1192, by the very first ruler of Delhi ‚Äì Qutb-ud-din Aibak. This minaret is named after its creator.",New Delhi
THE 30 BESTPlaces to Visit in New Delhi(2025) -Tripadvisor,"THE 30 BEST Things to Do in New Delhi, National Capital Territory of Delhi (2025) Places to Visit in New Delhi Check out must-see sights and activities: Qutub Minar , Swaminarayan Akshardham , Flea & Street Markets , Multi-day Tours .",New Delhi
10 of the bestthings to doinDelhi-Lonely Planet,"Jul 23, 2024¬∑ As one of the world‚Äôs oldest continually occupied cities, you don‚Äôt have to look far to encounter Delhi‚Äôs fascinating history. But there are also lots of under-the-radar experiences waiting for you in this diverse and captivating city. Get your Delhi explorations started with this list.",New Delhi
50Things to Do in Delhi- 2025 (Starting from ‚Çπ370 Only),"Feb 16, 2022¬∑ Explore Qutub Minar, Visit Lotus Temple, Explore Humayun's Tomb, Walk to India Gate, Visit Akshardham Temple, Go to Jama Masjid, Stroll in Connaught Place, Shopping in Chandni Chowk, Enjoy food at Paranthe wali Gali, Enjoy at Kunzum travel cafe, Visit Lodhi Garden, Explore Red Fort, Visit Dilli Haat, Explore Jantar Mantar, Shop at Sarojini Marke...",New Delhi
114Places To Visit In Delhi- Holidify,"India Gate looks stunning at night with the fountain displaying colourful lights. The surrounding lush green lawns are a popular picnic spot. The Amar Jawan Jyoti is also located here. 2. Red Fort. The Red Fort is a historical fort in the old Delhi area, on the banks of Yamuna.",New Delhi
"Things to Do in New Delhi, India -New DelhiAttractions -Tripadvisor","Things to Do in New Delhi, India: See Tripadvisor's 1,049,515 traveler reviews and photos of New Delhi tourist attractions. Find what to do today, this weekend, or in April. We have reviews of the best places to see in New Delhi. Visit top-rated & must-see attractions.",New Delhi
12Best Things To Do in DelhiRight Now - Time Out,"The 12 best things to do in Delhi. The best things to do in Delhi involve delectable street food, fascinating museums, awesome markets and beautiful sites",New Delhi
THE 30 BEST Places to Visitin New Delhi(2025) - Tripadvisor,"Mar 17, 2025¬∑ Things to do near The Oberoi, New Delhi Things to do near Bloom Hotel - Karol Bagh Things to do near Crowne Plaza New Delhi Rohini, an IHG hotel Things to do near The Leela Palace New Delhi Things to do near The Imperial New Delhi Things to do near Crowne Plaza New Delhi Okhla an IHG Hotel Things to do near The Lodhi Things to do near Deventure ...",New Delhi
Top 20things to do in New delhi(Updated Sep 2024),"Explore the top 20 attractions in new delhi, india. Find highly-rated attractions, popular spots, and hidden gems. Plan your perfect trip with our curated list of must-visit places in new delhi.",New Delhi
"40 BestThings To Do In New Delhi2024 (With Photos, Reviews)","Delhi is a metro town bustling with activity, vibrant in all its glory and splendour. From heritage monuments, to pretty garden, elite clubs, and crowded markets, there is dearth of things to do in D (Read More) elhi. You can go on a heritage walk or browse the markets or relax in the parks.",New Delhi
"Top things to do in Sydney - Top attractions, events & more","Find out the best things to do in Sydney today with the official tourism site! Discover upcoming events, activities and sightseeing locations around Sydney.",Sydney
Top attractions in Sydney | Sydney.com,"Discover the top attractions in Sydney. Explore Sydney's many attractions, sightseeing spots & landmarks that you must not miss.",Sydney
Things to do in Sydney City | Sydney.com,"From taking a selfie with iconic landmarks like the Sydney Opera House and Harbour Bridge to enjoying world-class dining, taking a scenic ferry ride on the sparkling harbour, attending a musical and checking out an art exhibition, there are a plethora of fun things to do in Sydney City.",Sydney
Things to do in Sydney South,"Head south of the CBD to discover Sydney South. Visit pretty national parks, explore small coves with stunning beaches, enjoy a day trip to Cronulla and much more.",Sydney
Things to do in Bondi | Sydney.com,"The iconic beachside suburb of Bondi is synonymous with sun, surf and sand. Come for the famous Icebergs and Bondi to Coogee Coastal Walk, and linger longer for cafes, bars, shopping, markets and more.",Sydney
"Sydney Highlights - Half Day Private Tour | Sydney, Australia ...","The perfect introduction to your stay in Sydney covering all the must-see iconic sights. Starting underneath the Harbour Bridge in The Rocks, you will discover Sydney‚Äôs colourful convict past. Enjoy amazing photo opportunities at The Sydney Opera House and Mrs Macquarie‚Äôs Chair.",Sydney
"Darlinghurst ‚Äì Things to do, where to eat & more | Sydney.com","Start the day in this colourful Inner Sydney suburb by enjoying brunch at a trendy cafe and browsing the boutiques along Oxford Street. Once the sun goes down, discover an eclectic bar scene, delicious restaurants, lively theatre and energetic dance floors.",Sydney
Top things to do in Manly with kids | Sydney.com,"Located near the ferry wharf, head to Manly Kayak Centre to hire kayaks and stand-up paddleboards to explore the northern waters of Sydney Harbour, one the most beautiful natural harbours in the world.",Sydney
"Whats on in Sydney in March | Sydney, Australia - Official Travel ...","Held at Sydney Road and Short Street Plaza every Sunday, at the Manly Fresh Produce Market you'll find some of the best‚Ä¶",Sydney
"Windsor, The Hawkesbury - Things to do, accommodation","Windsor is a portal to Sydney's past. Settled in 1791, it's the third-oldest place of British settlement on the Australian mainland, and brimming with colonial architecture. Discover the area's rich history on heritage walks and paddlewheeler river cruises, before enjoying its old-style pub, quaint wineries and local foodie trail.",Sydney
25 BestThings To Do In Melbourne(Australia) -The Crazy Tourist,"Nov 1, 2021¬∑ Melbourne is a hip, dynamic metropolis, with an exciting city centre, inner-city neighborhoods that are full of unique character, and lush green parks and mountain ranges ‚Ä¶",Melbourne
Things to do- What's OnMelbourne,"Find out what to do in Melbourne with our guide to what's on, including the best events, attractions and things to do in the city.",Melbourne
Things to Do in Melbourne,"Things to Do in Melbourne, Australia: See Tripadvisor's 884,188 traveler reviews and photos of Melbourne tourist attractions. Find what to do today, this weekend, or in April. We have ‚Ä¶",Melbourne
100things to do in Melbourneat least once in your life,"So here is our ultimate bucket list: 100 amazing things to do in Melbourne right now, plus attractions, great restaurants, bars, fun festivals and everything in between.",Melbourne
What's On - City ofMelbourne,"Find out what's on in Melbourne with all the latest events, restaurants, bars, shopping destinations and things to do. Brought to you by City of Melbourne.",Melbourne
"THE 30 BESTThings to Do in Melbourne, Australia (2025)","Book these experiences for a close-up look at Melbourne. From quick jaunts to full-day outings. These rankings are informed by Tripadvisor data‚Äîwe consider traveller reviews, ratings, ‚Ä¶",Melbourne
Attractions and sights - What's OnMelbourne,"Discover what locals love about Melbourne with a guided tour of the city and its attractions. Melbourne laneways are filled with street art, stencils, paste-ups and mixed media. Find out ‚Ä¶",Melbourne
14 bestthings to do in Melbourne-Lonely Planet,"Sep 20, 2024¬∑ From high culture to local life, here are the best things to do in Melbourne. 1. Track down the best coffee in Melbourne. Italian immigrants first brought a passion for quality coffee ‚Ä¶",Melbourne
50Things To Do In Melbourne| The World LovesMelbourne,Here is our 50 best things to do in Melbourne. 1. Federation Square is an artistic and creative hub of Melbourne not to be missed. It hosts over 2000 events a year! These include cultural ‚Ä¶,Melbourne
"25 BestThings To Do in Melbourne, Australia | M is forMelbourne","Dec 16, 2024¬∑ Looking for things to do in Melbourne? Whether it‚Äôs your first time or you‚Äôve visited the city dozens of times, I‚Äôve got you covered. Ah, Melbourne. My beautiful hometown. Cool ‚Ä¶",Melbourne
34Best Things to Doin NYC in 2025 | U.S. News Travel,"Mar 19, 2025¬∑ Looking for the best things to do in New York City? Plan your trip with these expert tips for iconic attractions, including the Statue of Liberty, Broadway and more.",New York
NYCBucket List: 50 Epic Things to Do in New York City,"Dec 5, 2021¬∑ 50 best things to do in New York City: Manhattan, Queens, Brooklyn, the Bronx, Staten Island. Best free things to do & things to do with kids.",New York
The 100best things to do in NYCfor locals and tourists - Time Out,"Mar 3, 2025¬∑ Craving the best things to do in New York City? Discover top places to eat and drink, must-see museums, cool attractions and more.",New York
THE 15 BESTThings to Do in New York(2025) -Tripadvisor,"Things to Do in New York, United States: See Tripadvisor's 6,928,891 traveler reviews and photos of New York tourist attractions. Find what to do today or anytime in April. We have reviews of the best places to see in New York. Visit top-rated & must-see attractions.",New York
35 BestThings to Do in New YorkCity (For First Time Visitors),"Jan 31, 2024¬∑ Looking for the BEST things to do in New York City? Look no further! This happy tourist covers everything you need to know.",New York
45 BestThings to Do in New YorkCity [with Tickets],"Feb 6, 2025¬∑ New York City is packed with iconic landmarks, cultural sites, and unforgettable neighborhoods. On this page, we have listed the 45 Best Things to Do in New York City to help you make the most of your visit, along with ticket recommendations and local insider tips.",New York
New York City Bucket List: 100IncredibleThings to Doin NYC,"Feb 2, 2025¬∑ Without any further ado, here‚Äôs our New York City Bucket List, which includes 100 things to do before you die! 1. Row a boat at The Loeb Boathouse. Let‚Äôs kick off this New York City Bucket List with something special, shall we? Warm, sunny days are not to be wasted indoors!",New York
Top 20things to do in New york(Updated Sep 2024),"Discover the best-rated places to visit, eat, and stay in new york. Our curated list includes top attractions, restaurants, and hotels. 1. Central Park. A vast green oasis in the heart of Manhattan, perfect for leisurely walks, picnics, and outdoor activities. 2. Times Square.",New York
Top 10Things to Do in New YorkCity - visitNYC,"New York City offers countless things to see and do, whether you‚Äôre a first-time visitor or a seasoned local. Here‚Äôs a list of the top 10 must-see attractions and experiences in NYC that showcase the best of the city‚Äôs iconic spots, culture, and atmosphere.",New York
87 Best Attractionsin New Yorkfor 2025 - Time Out,"May 20, 2024¬∑ Use our guide featuring the best New York attractions as a bucket list for discovering historical landmarks, gorgeous parks and legendary museums.",New York
THE 15 BESTThings to Do in Los Angeles(2025) -Tripadvisor,"Things to Do in Los Angeles, California: See Tripadvisor's 773,159 traveler reviews and photos of Los Angeles tourist attractions. Find what to do today, this weekend, or in April. We have reviews of the best places to see in Los Angeles.",Los Angeles
33Best Things to Doin LA | U.S. News Travel,"Mar 19, 2025¬∑ Los Angeles has an exhaustive array of fun things to do, from the family-friendly La Brea Tar Pits and the must-visit Natural History Museum to a behind-the-scenes studio tour at Universal...",Los Angeles
54 Unforgettable Once-In-A-LifetimeThings To Do In Los Angeles,"Feb 24, 2025¬∑ Whether you‚Äôre a true Angeleno, a transplant, or a tourist, this list of the best activities in L.A. will help you navigate the essentials and discover must-do experiences to add to your 2025 bucket list! 1. Take an iconic hike to the Hollywood sign. Image by Venti Views via Unsplash. Get up close to the iconic Hollywood Sign!",Los Angeles
The 52 bestthings to do in Los Angeles- Time Out,"Mar 6, 2025¬∑ The best things to do in Los Angeles that we‚Äôve visited, including cool museums, stair hikes, must-try restaurants and hidden parks",Los Angeles
30 BestLos Angeles AttractionsThat You Should See in 2025,"Jan 16, 2025¬∑ If you‚Äôre a tourist looking out for things to do, you‚Äôll have no problem finding vacation inspiration, from Hollywood tours to a day at one of the city‚Äôs best beaches. And...",Los Angeles
The 26Best Things to Do in Los Angeles-Cond√© Nast Traveler,"Jan 22, 2024¬∑ Our top recommendations for the best things to do in Los Angeles, with pictures and travel tips. Find fun things to do, best places to visit, unusual things to do, and more for couples,...",Los Angeles
ParisBucket List: 40 EpicThings to Do in Paris‚Äì Earth Trekkers,"May 31, 2018¬∑ Stroll along the Champs-√âlys√©es, dine at an outdoor caf√©, enjoy the views from the Eiffel Tower and Arc de Triomphe, say hi to the Mona Lisa in the Louvre, and day trip to ‚Ä¶",Paris
Things to Do in Paris,"Things to Do in Paris, France: See Tripadvisor's 5,079,851 traveler reviews and photos of Paris tourist attractions. Find what to do today, this weekend, or in April. We have reviews of the ‚Ä¶",Paris
Top 10 Paris Attractions-ParisTravel Guide,"Planning your first visit to Paris? If so, start with these top 10 attractions and legendary sightseeing destinations. These are the historical, cultural, and famous places everyone ‚Ä¶",Paris
54 can‚Äôt-missthings to do in Parisin 2025 - Time Out,54 can‚Äôt-miss things to do in Paris in 2025. Where do you start in this marvellous metropolis? We‚Äôll help. Here‚Äôs our ultimate Paris bucket list,Paris
50 UniqueThings to Do in Paris,"If you‚Äôre planning a trip to Paris or even just dreaming about a trip, then this list of the 50 unique things to do in Paris is going to provide you with some great inspiration. In this comprehensive ‚Ä¶",Paris
The 42 BESTThings to Do in Parisin 2025 ‚Äì The Tour Guy,"Mar 5, 2025¬∑ In this time, you can visit must-see attractions, including the Louvre, the Eiffel Tower, and Notre Dame, while also making room for leisurely activities like wandering the ‚Ä¶",Paris
31 BestThings To Do In Paris(Plus Map!),"Mar 17, 2023¬∑ Paris is a tourist paradise. The best things to do in Paris will always include taking a peek at the iconic Eiffel Tower, ascending the Arc de Triomphe, and watching an opera at ‚Ä¶",Paris
"ParisBucket List: 62 BestThings to do in Paris, France","Mar 19, 2024¬∑ Looking for the best things to do in Paris? Here is the complete Paris bucket list that has everything you shouldn‚Äôt miss for an amazing trip to the French capital. Paris is an ‚Ä¶",Paris
Top 20Things to Do in Paris: The Ultimate Guide 2025,"Mar 5, 2025¬∑ Here are 20 things to do in Paris that will enrich life in your spare time. Table of Contents. Why Choose Paris? 20 Best Things to Do in Paris 1. Go to the top of the Eiffel ‚Ä¶",Paris
Things to Do in Paris,"Feb 7, 2025¬∑ Things to Do in Op√©ra / Bourse Things to Do in 8th Arr. - √âlys√©e Things to Do in 1st Arr. - Louvre Things to Do in 13e Arr. ‚Äì Gobelins Things to Do in 6th Arr. - Luxembourg Things ‚Ä¶",Paris
The bestthings to do in London| Whatto do in London2025,"Dec 23, 2024¬∑ From royal palaces and museums to historic bridges and cathedrals, discover world-famous London attractions and iconic landmarks with the best things to see in London. Ready, steady‚Ä¶ go! Tick all of London‚Äôs top 10 attractions off your to-do list. See 55 of London‚Äôs greatest landmarks on a 30-minute ride on the London Eye.",London
THE 15 BESTThings to Do in London(2025) -Tripadvisor,"Things to Do in London, England: See Tripadvisor's 7,340,029 traveler reviews and photos of London tourist attractions. Find what to do today, this weekend, or in April. We have reviews of the best places to see in London. Visit top-rated & must-see attractions.",London
50 Of TheBest Things To Do In London- SecretLondon,"Mar 18, 2025¬∑ From whiling away the hours in Covent Garden to strolling through the picturesque Highgate Cemetery, London is packed full of activities to try at least once in your life. Here‚Äôs our rundown of the best of them.",London
LondonBucket List: 50 EpicThings to Do in London- Earth ‚Ä¶,"Feb 17, 2017¬∑ London bucket list: best things to do in London, with a top ten list for first-timers, including day trip ideas and things to do with kids.",London
"34Best Things to Do in London, England | U.S. News Travel","Mar 19, 2025¬∑ From the British Museum to Buckingham Palace, London is home to some of the most famous landmarks. Find expert recommendations for the best things to do in London here.",London
Things to do in London| Days Out & Activitiesin London-visitlondon.com,"Explore the city on sightseeing tours, soak up culture at museums and galleries, or choose from the many free things to do. Treat yourself on famous shopping streets and celebrate special occasions at world-class theatre shows, London musicals, restaurants and bars.",London
The 50 bestthings to do in London- Time Out,"Mar 4, 2025¬∑ Discover the city with our list of the best things to do and see in London for visitors and locals. From free days out to top restaurants, this is your ultimate London checklist for...",London
10 unmissableLondonattractions to visit in 2025 -visitlondon.com,"Feb 28, 2025¬∑ From the modern London Eye to the historic Tower of London, the top 10 tourist attractions in London are a must-see on any London sightseeing trip. Even better, many London landmarks are free to visit.",London
50 BestAttractions in Londonfor 2025 | Days Out andThings To Do,"Jan 13, 2025¬∑ Discover the most unmissable attractions in London, including Buckingham Palace, Shakespeare's Globe, the London Eye and more.",London
17 of the bestthings to do in London-Lonely Planet,"Oct 18, 2024¬∑ Explore the best things to do in London, from iconic landmarks like Big Ben to vibrant markets, world-class museums and lively neighborhoods.",London
"The 20 bestthings to do in Munich, Germany- TheMunichGuide","Jan 5, 2020¬∑ Visit Bavaria's capital like a local. A list of the top tourist attractions and things to do in Munich, Germany. Insider tips to plan your itinerary.",Munich
25Best Things to Do in Munich(Germany) -The Crazy Tourist,"Jun 10, 2022¬∑ Bavaria‚Äôs capital is a cocktail of beloved sights, opulent Baroque churches and museums of the highest order. Munich‚Äôs Kunstareal is a cluster of art museums with so many ‚Ä¶",Munich
Things to Do in Munich,"Things to Do in Munich, Germany: See Tripadvisor's 813,422 traveler reviews and photos of Munich tourist attractions. Find what to do today, this weekend, or in April. We have reviews of ‚Ä¶",Munich
12 of the bestthings to do in Munich-Lonely Planet,"Mar 12, 2025¬∑ With its sprawling parks, sensational museums and (yes) lots of beer, Munich is hard to resist. Here are 12 of the top things you can do in the city.",Munich
"24 EssentialThings to Do in Munich, Germany ( + Day Trips)","Mar 22, 2024¬∑ Whether you're visiting for Oktoberfest or just planning to explore the city's famous sites like Marienplatz, these are the best things to do in Munich, Germany.",Munich
The 14 bestthings to do in Munich- Time Out,"Ready for a weekend in Munich? You're in the right place. Here's our local's guide to the city, from museums to beer.",Munich
"99 Fun and AwesomeThings to do in Munich, Germany","Apr 5, 2024¬∑ The ULTIMATE list of things to do in Munich, includes 99 awesome activities, food experiences, sights and more (both on and off the beaten path).",Munich
19 EPICThings to Do in Munich(2025): An Insider‚Äôs Guide - Miss ‚Ä¶,"Nov 17, 2023¬∑ An epic list of all the best things to do in Munich to make the most out of your stay, from someone who's been there, done that!",Munich
Bestthings to do in Munich: Must-see attractions and tips,"Here are our top tips for experiencing Munich and getting to know the city. This overview includes all of our insider tips and highlights for a short trip, long weekend or a whole week in the city.",Munich
"20 fabulous things to do in Munich, Germany- Heather on her ‚Ä¶","Jan 22, 2025¬∑ Bavarian beer halls and dirndls sit side by side with the towering Olympic tower and sleek BMW Welt as symbols of the city. The city is an ideal city break destination in ‚Ä¶",Munich
THE 15 BESTThings to Do in Dhaka City(2025) -Tripadvisor,"Things to Do in Dhaka City, Bangladesh: See Tripadvisor's 64,049 traveler reviews and photos of Dhaka City tourist attractions. Find what to do today, this weekend, or in April. We have ‚Ä¶",Dhaka
"10 BestThings To Do In Dhaka, Bangladesh - Trip101","Nov 4, 2024¬∑ Dhaka, the capital of Bangladesh, offers a host of attractions and activities for the discerning traveler. So pack your bags and check out what you can do here!",Dhaka
15 IncredibleThings to Do in Dhaka| Ultimate Travel Guide,"Mar 27, 2024¬∑ Your essential Dhaka travel guide. Find helpful tips, things to do, best places to visit, and local experiences in the heart of Bangladesh.",Dhaka
THE 30 BESTPlaces to Visit in Dhaka City(2025) -Tripadvisor,"Ahsan Manzil, Lalbag Fort, Flea & Street Markets, Archaeology Tours. For personalised recommendations, try our AI trip-planning product. See what other travellers like to do, based ‚Ä¶",Dhaka
"10Things To Do In Dhaka, Bangladesh's Colourful Chaotic Capital.","Mar 17, 2025¬∑ Thinking of travel to Bangladesh? Here is our detailed guide for all the top things to do in Dhaka, how to get around and where to stay.",Dhaka
25 Best & FunThings to Do in Dhaka- The Tourist Checklist,"Dhaka is a destination that offers a rich blend of history, culture, and vibrant experiences. Whether exploring its historical sites, indulging in local cuisine, or enjoying the art scene, there is ‚Ä¶",Dhaka
"9 Best Places to Visitin Dhaka, Bangladesh (2025)","Mar 3, 2025¬∑ You will find the best places to visit in Dhaka, Bangladesh in this guide, from the famous Pink Palace to lesser-known gems.",Dhaka
Top 50things to doand attractionsin DhakaCity - Wanderlog,"Mar 1, 2025¬∑ From the majestic Lalbagh Fort, a 17th-century marvel, to the contemporary design of the National Parliament House, the city is a treasure trove of attractions waiting to be ‚Ä¶",Dhaka
Things To Do In Dhaka| Mad Traveller,"Oct 10, 2024¬∑ Here‚Äôs a list of must-visit attractions and activities that will make your stay in Dhaka an unforgettable experience. 1. Lalbagh Fort (Fort of Red) A historic monument dating back to ‚Ä¶",Dhaka
Explore The Top 10Things To Do In Dhaka- tripjive.com,"Sep 29, 2024¬∑ Here are the top sights in Dhaka: Dhakeshwari Temple: This is the national temple of Bangladesh, important for Hindu worship. National Museum: It displays Bangladeshi history, ‚Ä¶",Dhaka
"VeniceBucket List: 20 AmazingThings to Do in Venice, Italy","Jul 6, 2016¬∑ Strolling the canals, photographing Venice from its bridges and viewpoints, visiting St. Mark‚Äôs Basilica in the evening, and exploring its quieter neighborhoods are our favorite ‚Ä¶",Venice
The 27 bestthings to do in Venicein 2025 - Time Out,"From free attractions to great food, here are the best things to do in Venice, Italy, both touristy and non-touristy.",Venice
"15 of the bestthings to do in Venice, Italy -Lonely Planet","Feb 16, 2025¬∑ Visitors flock to Venice year-round, and who can blame them? Some 118 islands float on this fairy-tale lagoon, linked by 400 bridges. Each is crammed with dazzling palazzi ‚Ä¶",Venice
20Best Things to Do in Venice| U.S. News Travel,"Feb 13, 2025¬∑ Ranking of the top 20 things to do in Venice. Travelers favorites include #1 St. Mark's Basilica (Basilica di San Marco), #2 Grand Canal and more.",Venice
"Things to Do in Venice, Italy -VeniceAttractions -Tripadvisor","Book these experiences for a close-up look at Venice. These rankings are informed by Tripadvisor data‚Äîwe consider traveler reviews, ratings, number of page views, and user location. 1. ‚Ä¶",Venice
15Best Things to Do in Venice(Italy) - The Crazy Tourist,"Jun 1, 2022¬∑ Today, Venice remains an important economic centre and is one of the most popular cities for tourism in the world ‚Äì Sights like St. Marks‚Äôs Basilica and the Grand Canal ‚Ä¶",Venice
30 BestThings To Do In VeniceFor 2025 - Expert Vagabond,"Feb 25, 2025¬∑ Top experiences in Venice, Italy! Ride a gondola on the canals, explore beautiful palaces, and discover my list of best things to do.",Venice
50 BestThings to Do in Venice[with Tickets] - 2025,"Nov 4, 2024¬∑ Venice, the ‚ÄúFloating City,‚Äù is a marvel of engineering with 118 islands, 175 canals, and 400 bridges. A UNESCO World Heritage Site, Venice boasts a rich history as a powerful ‚Ä¶",Venice
"18 BestThings to Do in Venice, Italy(+Map of Top Sights)","Feb 27, 2025¬∑ Visiting Venice in Italy and wondering what are the absolute best places to see and things to do in Venice? In this guide, we cover all the musts: the main landmarks, must ‚Ä¶",Venice
THE 15 BESTThings to Do in Venice(2025) - Tripadvisor,"Oct 30, 2024¬∑ Things to Do in Venice, Italy: See Tripadvisor's 1,449,100 traveler reviews and photos of Venice tourist attractions. Find what to do today, this weekend, or in April. We have ‚Ä¶",Venice
The 27 greatestthings to do in Romein 2025 - Time Out,Here are the best things to do in Rome. RECOMMENDED: üèõÔ∏è Unmissable attractions in Rome üçù The best restaurants in Rome üõçÔ∏è Where to go shopping in Rome üèòÔ∏è The best Airbnbs in Rome,Rome
30Things to Do in Rome| The UltimateRomeBucket List,"Jan 7, 2023¬∑ Rome bucket list: best things to do in Rome. Top 10 must-have experiences & things to do with more time. Map, photos, Rome itineraries.",Rome
25Best Things to Do in Rome- U.S. News Travel,"Mar 19, 2025¬∑ Take time to enjoy la dolce vita ‚Äì even a week isn't long enough to experience everything Rome has to offer. From historic tours through ancient Rome to admiring art-filled institutions to...",Rome
25 BestThings to Do in Rome(Italy) - The Crazy Tourist,"May 31, 2022¬∑ Rome is consistently ranked as one of the top tourist destinations in Europe and with sights such as the Colosseum and the Vatican, it is easy to see why. Lets explore the best things to do in Rome: 1. Colosseum.",Rome
10 of the bestthings to do in Romein 2024 -Lonely Planet,"Feb 13, 2025¬∑ Let these 10 classically Roman experiences set you off in the right direction. Trevi Fountain is a non-negotiable. Wirestock Creators/Shutterstock. 1. Lose yourself in Ancient Rome (but not all in one day) Any Italian will tell you how downright anarchic Rome is and immediately follow it up by saying, ‚Äúbut Rome is Rome.‚Äù",Rome
Things to Do in Rome,"Things to Do in Rome, Italy: See Tripadvisor's 5,662,015 traveler reviews and photos of Rome tourist attractions. Find what to do today, this weekend, or in April. We have reviews of the best places to see in Rome. Visit top-rated & must-see attractions.",Rome
11 UnmissableAttractions in Romefor Every Bucket List - Time Out,"From magnificent churches and ancient ruins to world-famous artworks, these attractions should be on every tourist‚Äôs bucket list. The seat of the Roman Empire and the Papacy, Rome is one of the...",Rome
29 BestThings to Do in RomeItaly (Updated 2025),"Dec 19, 2024¬∑ From iconic landmarks to charming neighbourhoods, this list of the 28 best things to do in Rome will guide you through the city‚Äôs unmissable sights and hidden gems. Whether you‚Äôre a first-time visitor or a seasoned traveler, Rome offers unforgettable experiences.",Rome
101 FantasticThings To Do In Rome- UltimateRomeGuide -Rome‚Ä¶,"Dec 12, 2024¬∑ Wondering what to do in Rome? Find here our extensive guide to the 101 best things to do in Rome and plan an unforgettable trip in the eternal city!",Rome
"The Ultimate Guide toThings to Do in Rome, Italy - jotzle.com","Ok, here are the top things to do in Rome: 1. Iconic Historical Landmarks. When you think of Rome, chances are you imagine its incredible ancient landmarks. The Eternal City is practically a living museum, and the history here is both awe-inspiring and fascinating. Let‚Äôs dive into some of Rome‚Äôs most iconic sites that will transport you back in time. The Colosseum",Rome
The 23 bestthings to do in Florencein 2025 - Time Out,"The 23 best things to do in Florence in 2025. Ready to really discover the Renaissance city? Da Vinci, gelato and the most spectacular views await you",Florence
FlorenceBucket List: 30 BestThings to Do in Florence,"Feb 18, 2023¬∑ Visit beautiful gardens with amazing views of Florence, tour the numerous cathedrals in the city center, and visit one or two rooftop bars in Florence. We do our best to keep the hours of operation and pricing up to date for each attraction, however, these can change at any time.",Florence
"17 Best Things to Do in Florence, Italy | U.S. News Travel","Jan 31, 2025¬∑ Discover the best things to do in Florence, Italy, from visiting world-renowned art galleries to admiring Renaissance architecture, including the iconic Duomo.",Florence
Things to Do in Florence,"Things to Do in Florence, Italy: See Tripadvisor's 2,086,521 traveler reviews and photos of Florence tourist attractions. Find what to do today, this weekend, or in April. We have reviews of the best places to see in Florence. Visit top-rated & must-see attractions.",Florence
Things to do in FlorenceItaly - 25x Attractions & Sightseeing,"Dec 20, 2024¬∑ Firenze has more to offer than just the famous landmarks and highlights such as the Ponte Vecchio, the Florence Duomo and the Palazzo Vecchio. During your stay in Florence, make sure to visit these top 25 of most beautiful Florence tourist attractions and landmarks to get a good impression of what this Renaissance city has to offer.",Florence
30 BestThings to do in Florencefor 2025 -The Tour Guy,"Mar 4, 2025¬∑ The Boboli Gardens, eat Lampredotto, see The Birth of Venus, rub a boar's nose, and more! Here are the top things to do in Florence, Italy!",Florence
Bestthings to do in Florence-Lonely Planet,"Feb 2, 2025¬∑ From incredible architecture to locally sourced dishes that will blow your mind, here are the top things to do in Florence.",Florence
18 FantasticThings to Do in Florence‚Äì Incl. Day Trips! - Miss ‚Ä¶,"Sep 26, 2023¬∑ Ready to visit Florence and fall in love with one of the most beautiful cities in the world, to admire centuries-old art, and marvel at the architectural geniuses that managed to create such amazing buildings? Let‚Äôs embark on a trip and discover the best things to do in Florence, Italy, together!",Florence
19 Absolute BestThings to Do In Florence(+ Map) - Anywhere ‚Ä¶,"Jan 27, 2022¬∑ The best things to do in Florence including the main must-see attractions and local experiences + travel tips where to stay, & map.",Florence
"The 15 BestThings to do in Florence, Italy - Wandering Wheatleys","May 8, 2023¬∑ With countless enigmatic art galleries, bustling piazzas, sprawling vineyards, and some of the most delicious food in the world, you‚Äôll never want to go back home!",Florence
"THE 30 BESTThings to Do in Chennai(Madras), India (2025) -Tripadvisor","Kapaleeshwarar Temple, Marina Beach, Sacred & Religious Sites, Cultural Tours. For personalised recommendations, try our AI trip-planning product. See what other travellers like to do, based on ratings and number of bookings. Book these experiences for a close-up look at Chennai (Madras).",Chennai
"45 BestThings To Do In Chennai2024 (With Photos, Reviews)","With a plethora of beaches, art galleries, museums, monuments, parks and historic places, there is no dearth of things to do in Chennai. You (Read More) can paraglide, parasail, scuba dive, hike, trek, camp and try your hand at the most fun and outrageous adventure sports.",Chennai
90Places To Visit In Chennai- Holidify,"See most popular tourist places to visit in Chennai, top things to do, shopping and nightlife in Chennai, find entry timings, fees about various attractions in Chennai, Tamil Nadu",Chennai
Best Things To Do in Chennai| 13 Attractions and Activities,"The 13 best things to do in Chennai. Classic South Indian fare, fashion and hospitality take centre stage when tackling the best things to do in Chennai",Chennai
48Things to Do in Chennai2025: Upto 40% Off - Thrillophilia,"Revel around the Marina Beach, Take a walk through Thalankuppam Pier, Stroll around Elliot‚Äôs Beach, Enjoy Nature Photography at Ubbalamadugu Falls, Fun rides in MGM Dizee World, Visit Mahabalipuram, Heritage tour to Royapuram Fishing Harbour, Enjoy Water sports in Muttukadu and many more.",Chennai
Top 20things to do in Chennai(Updated Sep 2024),"Explore the top 20 attractions in chennai, india. Find highly-rated attractions, popular spots, and hidden gems. Plan your perfect trip with our curated list of must-visit places in chennai.",Chennai
"20Must-Visit Attractions in Chennai, India- Culture Trip","Jan 9, 2018¬∑ South India‚Äôs cultural capital and gateway city, Chennai, is frequently counted among the best cities to visit in the world for food and culture among other things. But what really stands out in terms of Chennai ‚Äòs potential as a tourist destination is the sheer number of cultural, historical, architectural and other sites it is home to.",Chennai
30Things To Do In ChennaiFor A Rejuvenating Vacay In 2025!,"Oct 26, 2021¬∑ Here are things to do in Chennai that you must try on your next [year] trip to this South Indian beauty. From adventurous to calming there is so much to try.",Chennai
15 BestThings To Do In Chennai- Travel.Earth,"Apr 8, 2024¬∑ Chennai is famous for its pristine beaches, historic temples, alluring sunrise and sunset views, ancient structures, and numerous adventure activities. Visiting numerous places allows you to uncover the rich history, vibrant culture, and heritage of the land.",Chennai
THE 10 BESTThings to Do in Chennai (Madras) (2025) -Tripadvisor,"Book these experiences for a close-up look at Chennai (Madras). These rankings are informed by Tripadvisor data‚Äîwe consider traveller reviews, ratings, number of page views, and user location. 1. Kapaleeshwarar Temple. Dravidian temple in Mylapore with rich ancient architecture and serene spiritual ambiance.",Chennai
20Things to Do in Beijing: Best Options You Should Not Miss,"Here we describe for you the top 20 things to do in Beijing, a wide variety of experiences to cherish forever, including something for everyone. 1. Admire the Majestic Great Wall. The ‚Ä¶",Beijing
"26AWESOME Things to Do in Beijing, China(2025 Guide)","Feb 5, 2025¬∑ From exploring the Forbidden City to walking along the famous Great Wall of China, here is our list of the absolute best things to do in Beijing. Welcome to one of the most awe ‚Ä¶",Beijing
THE 15 BESTThings to Do in Beijing(2025) -Tripadvisor,"Things to Do in Beijing, China: See Tripadvisor's 676,833 traveler reviews and photos of Beijing tourist attractions. Find what to do today, this weekend, or in April. We have reviews of the ‚Ä¶",Beijing
20 bestthings to do in Beijingaccording to locals,"Feb 21, 2023¬∑ Here are the 20 best things to do in Beijing. 1. Witness the Great Wall at Mutianyu. Spread across 4,000 miles, the majestic Great Wall of China has fascinated people for ‚Ä¶",Beijing
The bestthings to do in Beijing-Lonely Planet,"Feb 23, 2024¬∑ Here's our guide to the most memorable, unusual things to do in Beijing. 1. Get lost in Beijing's hutong alleyways.",Beijing
"20 BestThings to Do in Beijing, According to a Local","May 20, 2023¬∑ Whether you‚Äôre a history buff, art lover, or foodie ‚Äî there‚Äôs no shortage of things to do in the captivating city of Beijing. Tips for first-timers? We have it, too. Stand on the stairs ‚Ä¶",Beijing
45 Must-See Sights andThings to Do in Beijing: Ultimate Guide,"Nov 7, 2024¬∑ From must-see sights to unique things to do in Beijing, I‚Äôve curated the best experiences for budget travelers, whether it‚Äôs your first time here or you‚Äôre aiming to get a ‚Ä¶",Beijing
Top 10 Things to Do in Beijing- TravelChinaGuide,"Aug 29, 2024¬∑ For both first-timers and frequent visitors, what are the things you must to do in Beijing and where do you must go? Besides the Great Wall and Peking Duck, are there any ‚Ä¶",Beijing
Top 25 Must-DoExperiences in China‚Äôs CapitalBeijingin 2025,"Dec 23, 2023¬∑ As a proud local tour guide in Beijing, I‚Äôm excited to share the top 25 things to do in our incredible city. Beijing is a treasure trove of history, culture, and unforgettable ‚Ä¶",Beijing
34 BestThings to Do in Beijingin 2025,"Jun 16, 2023¬∑ Must-visit attractions in Beijing include iconic landmarks such as Summer Palace, the majestic Forbidden City, and the awe-inspiring Great Wall. Moreover, Beijing offers a ‚Ä¶",Beijing
THE 15 BESTThings to Do in Guangzhou(2025) -Tripadvisor,"Things to Do in Guangzhou, China: See Tripadvisor's 198,514 traveler reviews and photos of Guangzhou tourist attractions. Find what to do today, this weekend, or in April. We have reviews of the best places to see in Guangzhou. Visit top-rated & must-see attractions.",Guangzhou
The Top 12Things to Do in Guangzhou-China Highlights,"On your visit, you can find an interesting range of things to do, from some of the cheapest bargain shopping to some of China's best amusement and entertainment and skyscrapers and luxury malls. In some areas, the history has been well retained, notably on Shamian Island. 1. Visit Chimelong Safari Resort.",Guangzhou
Top 15Things to Do in Guangzhou2025/2026 - China Discovery,"Mar 26, 2018¬∑ Check the top 15 things to do in Guangzhou, including watching from Canton Tower, visiting Chen Clan Academy Hall, shopping at Beijing Road, etc. to plan your Guangzhou Tour in 2025/2026.",Guangzhou
"Top 10things to do in Guangzhou, China -Lonely Planet","Aug 8, 2018¬∑ Top 10 things to do in Guangzhou, China's third largest city, a metropolis full of cutting-edge architecture, tasty Cantonese food and colonial heritage.",Guangzhou
Top 25 BestThings to do in Guangzhou- Roaming China,"Sep 24, 2023¬∑ In this blog, we‚Äôll take you on a virtual tour of some of Guangzhou‚Äôs most captivating destinations, each offering a unique glimpse into the city‚Äôs past and present. From historic temples to modern amusement parks, there‚Äôs something for everyone in Guangzhou.",Guangzhou
Top 20things to do in Guangzhou(Updated Jan 2025),"Discover the best-rated places to visit, eat, and stay in guangzhou. Our curated list includes top attractions, restaurants, and hotels. 1. Canton Tower Wharf offers stunning views of the city skyline and is a great starting point for river cruises along the Pearl River. 2. Chen Clan Ancestral Hall.",Guangzhou
Top 45Thingsto Visit andDo in Guangzhou‚Äì Must-Visit Attractions,"Nov 6, 2024¬∑ Whether you‚Äôre a solo wanderer or just looking for things to do in Guangzhou, I‚Äôm here to share practical tips and tricks for experiencing the city‚Äôs top things to see and visit ‚Äî all on a budget! In this post, we‚Äôre diving into 45 of the best things to see and do in Guangzhou.",Guangzhou
"THE 30 BESTThings to Do in Guangzhou, China (2025)","Book these experiences for a close-up look at Guangzhou. From quick jaunts to full-day outings. These rankings are informed by Tripadvisor data‚Äîwe consider traveller reviews, ratings, number of page views, and user location. 1. Canton Tower. Iconic landmark tower featuring unobstructed city views, especially enchanting at night.",Guangzhou
Top 10 Things to Do in Guangzhou- TravelChinaGuide,"Dec 23, 2024¬∑ Cruising on Pearl River undoubtedly is one of the best things to do in Guangzhou at night. Cruising along the river let you get a whole new take on the city. You can enjoy the Haizhu Square, the famous Canton Tower, as well as various towering skyscrapers.",Guangzhou
Top 20Things To Do In Guangzhou: The Best Holidays In China,"Feb 7, 2025¬∑ Discover the best things to do in Guangzhou and travel around China with fun. Find fantastic attractions, temples, museums, centers, parks, rivers, towers, and streets. All must-visited places in one complete guide.",Guangzhou
25 BestThings to Do in Hamburg(Germany) - The Crazy Tourist,"Jun 15, 2022¬∑ Hamburg still has the second busiest harbour in Europe, and stands as a City-State in Germany‚Äôs Federal Republic. A constant ebb and flow of seafarers has given ‚Ä¶",Hamburg
"13 BrilliantThings To Do in Hamburg, Written By A Local Expert","From markets to lakes and plenty of beer, here are my favourite things to do in Hamburg. RECOMMENDED: üç≤ The best restaurants in Hamburg üè® The best hotels in Hamburg",Hamburg
Things to Do in Hamburg,"Things to Do in Hamburg, Germany: See Tripadvisor's 506,889 traveler reviews and photos of Hamburg tourist attractions. Find what to do today, this weekend, or in April. We have reviews ‚Ä¶",Hamburg
36 BestThings To Do In Hamburg(Best Attractions) - Germany ‚Ä¶,"From iconic landmarks to hidden gems, we've got you covered with a no-nonsense list of the top experiences in Hamburg. Step into Miniatur Wunderland and gaze upon the intricate details of ‚Ä¶",Hamburg
The topthings to do in Hamburg- Lonely Planet,"Feb 25, 2025¬∑ Explore the best things to do in Hamburg. See the stunning Elbphilharmonie, enjoy iconic nightlife along Reeperbahn, and wander the historic Old Town.",Hamburg
"18 Best Things to Do in Hamburg, Germany | U.S. News Travel","Feb 11, 2021¬∑ Hamburg is a walkable city with several attractions in one central location. Discover the best castles, museums and other things to do in Hamburg, Germany.",Hamburg
Visitors‚Äì The BestThings to Do in Hamburg,"Discover the best of Hamburg: Visit Landungsbr√ºcken, St. Michael's Church, the Kunsthalle art museum and dance the night away on the Reeperbahn. Hamburg has a number of transport ‚Ä¶",Hamburg
"23 BestThings to do in Hamburg, Germany (+Map) -Touropia","Jan 18, 2025¬∑ The second-largest city in Germany, Hamburg has long been home to one of Europe‚Äôs busiest ports. Aside from discovering its rich maritime history, there are plenty of ‚Ä¶",Hamburg
33Things to Do in Hamburg: Top Attractions and Hidden Gems,"Feb 12, 2025¬∑ From unique museums to late-night activities, there are many great things to do in Hamburg. This guide will help you plan your perfect visit!",Hamburg
"The 15 BestThings to do in Hamburg, Germany - Wandering ‚Ä¶","Feb 19, 2023¬∑ Don‚Äôt forget to check out our web story: The 15 Best Things to do in Hamburg, Germany. 1. Take a Walking Tour of Hamburg-Altstadt. 2. Explore HafenCity and ‚Ä¶",Hamburg
15 BestThings to Do in Bordeaux (France) -The Crazy Tourist,"Apr 29, 2023¬∑ Lets explore the best things to do in Bordeaux: 1. Place de la Bourse. Bordeaux broke free of its old town walls when this majestic square on the left bank of the Garonne was ‚Ä¶",Bordeaux
50 bestthings to do in Bordeaux,"As a passionate Bordeaux enthusiast, I‚Äôve explored every corner of this vibrant city, from the top tours to hidden gems in charming neighborhoods, bustling markets, and cozy coffee spots. ‚Ä¶",Bordeaux
Things to Do in Bordeaux,"Things to Do in Bordeaux, France: See Tripadvisor's 495,280 traveler reviews and photos of Bordeaux tourist attractions. Find what to do today, this weekend, or in April. We have reviews ‚Ä¶",Bordeaux
25 Best & FunThings to Do in Bordeaux- The Tourist Checklist,"Bordeaux is a beautiful city in the southwest of France, famous for its wine, culture, and stunning architecture. Visitors can enjoy lovely parks, historic buildings, and delicious food. Whether ‚Ä¶",Bordeaux
TopThings to do in BordeauxFrance: AFirst Timer's Guide,"Nov 6, 2023¬∑ Exquisite architecture, fresh seafood, a vibrant city with an historic core, and some of the best wine in the world‚Äîin a nutshell, this is Bordeaux, France. Even better, the whole ‚Ä¶",Bordeaux
A Local‚Äôs Guide to the TopThings to Do in Bordeaux,"Oct 30, 2023¬∑ We‚Äôve compiled all the best things to do in Bordeaux from the musts for fist-time visitors to the more off-the-beaten path that only locals know (and we‚Äôre always adding more). ‚Ä¶",Bordeaux
7 bestthings to do in Bordeaux-Lonely Planet,"Jan 10, 2024¬∑ France‚Äôs sixth-largest city brims with museums, monuments and urban activities designed to thrust visitors hook, line and sinker into the heart of the action. Take time to learn ‚Ä¶",Bordeaux
"BestThings to Do in Bordeaux, France | France Bucket List","This Bordeaux things-to-do list includes the best places to visit in Bordeaux, cultural attractions, and some of France‚Äôs most famous vineyards. How Many Days in Bordeaux? Although a day ‚Ä¶",Bordeaux
The 14 BestThings to Do in Bordeaux: A Local‚Äôs Guide,"Aug 22, 2023¬∑ So if you‚Äôre thinking about taking a trip down by the Garonne River, there are plenty of things to do in Bordeaux for every kind of trip, and every kind of traveler, from ‚Ä¶",Bordeaux
The 9 bestthings to do in Bordeaux- Time Out,"From vineyards to vinyls, these are the top nine things to do in Bordeaux. Planning your next trip? Check out our latest travel guides, written by local experts. 1. Visit an ultra-modern wine...",Bordeaux
THE 15 BESTThings to Do in Rio de Janeiro(2025) -Tripadvisor,"Things to Do in Rio de Janeiro, Brazil: See Tripadvisor's 1,425,598 traveler reviews and photos of Rio de Janeiro tourist attractions. Find what to do today, this weekend, or in April. We have reviews of the best places to see in Rio de Janeiro. Visit top-rated & must-see attractions.",Rio de Janeiro
"17Best Things to Do in Rio de Janeiro, Brazil | U.S. News Travel","Sep 29, 2023¬∑ Planning a trip to Rio? From relaxing on world-renowned beaches to visiting Christ the Redeemer, these are some of the best things to do in Rio de Janeiro, Brazil.",Rio de Janeiro
The 40 bestthings to do in Rio de Janeiro- Time Out,"Nov 14, 2024¬∑ From foodie hotspots to thrilling adventures, dive into the ultimate list of the best things to do in Rio de Janeiro. Recognized as a UNESCO World Heritage Cultural Landscape (the first...",Rio de Janeiro
30 BestThings To Do In Rio De Janeiro| Brazil Offbeat,"Jan 17, 2025¬∑ Check out this complete guide to Rio de Janeiro, with tips on the best time to visit, how to get there, where to stay, what to do, and much more! 1. Visit Christ the Redeemer. 2. Ride the Sugarloaf Cable Car. 3. Enjoy Copacabana, Ipanema, and Leblon Beaches. 4. Climb the Selar√≥n Steps. 5. Explore Parque Lage. 6. Walk Through the Jardim Bot√¢nico. 7.",Rio de Janeiro
"33 AmazingThings to do in Rio de Janeiro, Brazil","Feb 28, 2025¬∑ Looking to experience the best Rio de Janeiro has to offer? This list has it all! I‚Äôm talking national parks, beaches, local festivals, and everything in between. I‚Äôve even included my must-know tips you won‚Äôt find anywhere else. We‚Äôve spent a lot of time in Rio as tourists and each time we go we find something new to fall in love with.",Rio de Janeiro
The 8 bestthings to do in Rio de Janeiro-Lonely Planet,"Feb 16, 2025¬∑ Planted between lush, forest-covered mountains and fabulous beaches, Rio is surely one of the world‚Äôs most beautiful cities. Verdant peaks and golden sands fronting a deep blue sea offer a range of adventures: surfing great breaks, hiking through Floresta da Tijuca‚Äôs rainforest and rock climbing up the face of P√£o de A√ß√∫car (Sugarloaf Mountain).",Rio de Janeiro
28 BestThings to Do in Rio De Janeiroin 2024 - The Planet D,"May 10, 2023¬∑ Are you looking for the best things to do in Rio de Janeiro? From Christ the Redeemer to Ipanema Beach, these are the top things to do in Rio De Janeiro.",Rio de Janeiro
15 BestThings to Do in Rio de Janeiro: SeeRio's Top Attractions,"Oct 31, 2024¬∑ There are so many things to do in Rio de Janeiro for tourists, whether visiting for the first time or coming back for more. From breathtaking viewpoints and pristine beaches to historic neighborhoods and modern museums, Rio offers an abundance of attractions for visitors to explore.",Rio de Janeiro
Things to do in Rio de Janeiro: Your ultimate 7-day itinerary,"Read on to discover what to do in Rio de Janeiro for first-time travelers. The best way to start your day is early. These iconic landmarks are best visited in the morning, avoiding the peak hours. Numerous guided tours offer a fantastic combo experience to both Christ the Redeemer and Sugarloaf Mountain.",Rio de Janeiro
5 Daysin Rio de Janeiro: A Complete Itinerary for First Time Visit,"4 days ago¬∑ Day 1: Iconic Landmarks. You can plan to do Day 1 of Rio 5-Day Itinerary by yourself or with an organized tour.. Start your first day in Rio by visiting all the classic attractions of this city.. It is going to be a long day. So, you can book this tour to plan it efficiently, without worrying about organizing the logistics and transportation.. Or, if you are up for it, you can also DIY as a ‚Ä¶",Rio de Janeiro
13 Best Things to Do in Sao Paulo| U.S. News Travel,"Feb 11, 2021¬∑ Ranking of the top 13 things to do in Sao Paulo. Travelers favorites include #1 Parque do Ibirapuera (Ibirapuera Park), #2 Pinacoteca do Estado and more.",S√£o Paulo
"Things to Do in Sao Paulo, Brazil -Sao PauloAttractions -Tripadvisor","Things to Do in Sao Paulo, Brazil: See Tripadvisor's 1,569,005 traveler reviews and photos of Sao Paulo tourist attractions. Find what to do today, this weekend, or in April. We have reviews of the best places to see in Sao Paulo. Visit top-rated & must-see attractions.",S√£o Paulo
The 16 bestthings to do in S√£o Paulo- Time Out,"Jan 21, 2024¬∑ Sure, the city's glamorous restaurats and bars are renowned but dig deeper to find underground parties in abandoned factories, alleyways inked with Brazil's best street art and lofty views over...",S√£o Paulo
50 IncredibleThings to Do in S√£o Paulo‚Ä¢ I Heart Brazil,"Apr 13, 2021¬∑ After spending over two decades traveling around S√£o Paulo, I can say I not only know every nook and cranny of the city, but I also discovered many unique things to do in S√£o Paulo. And now they are yours to explore!",S√£o Paulo
"35Things to Do in S√£o Paulo, Brazil - By a Local","Nov 20, 2023¬∑ A local‚Äôs guide to 35 of the best things to see and do in S√£o Paulo for both first-time and returning visitors. From architecture to dining and street art to live music, discover all there is to do!",S√£o Paulo
"THE 30 BESTThings to Do in Sao Paulo, Brazil (2025) -Tripadvisor","Book these experiences for a close-up look at Sao Paulo. Historical Town Of Embu Das Artes ‚Äì Art Galleries, Artisan Shops, Handicraft... These rankings are informed by Tripadvisor data‚Äîwe consider traveller reviews, ratings, number of page views, and user location. 1. Parque Ibirapuera.",S√£o Paulo
"16Cheap & FREE Things to do in S√£o Paulo, Brazil","Oct 6, 2023¬∑ S√£o Paulo, Brazil can really be a cheap and fun place to visit especially with this awesome list of the best things to do in S√£o Paulo. Just remember to get out and see the city, mingle with the people, and enjoy that amazing Brazilian culture that‚Äôs famous around the world!",S√£o Paulo
65 PopularThings To Do In S√£o PauloRight Now - Spark Nomad,"Nov 15, 2023¬∑ Exploring its cultural heritage through landmarks like the S√£o Paulo Cathedral and the S√£o Paulo Museum of Art, along with indulging in its renowned culinary scene at vibrant markets and innovative restaurants, offers immersive experiences.",S√£o Paulo
Explore Top 10Things to Do in S√£o Paulo- tripjive.com,"Jan 14, 2025¬∑ In this guide, discover S√£o Paulo‚Äôs lively atmosphere, stunning architecture, and cultural diversity. Whether you love history or food, S√£o Paulo has something for you. Avenida Paulista becomes a walker‚Äôs paradise on Sundays, and Liberdade is bustling. It‚Äôs the biggest Japanese area outside Japan.",S√£o Paulo
BestThings to Do in Sao Pauloin 2024 | Traveleira,"Oct 20, 2024¬∑ For anyone interested in exploring the heart of Brazil, this Things to Do in Sao Paulo guide will provide an in-depth look at the must-see attractions, culinary delights, and tips for making the most of your time in this incredible city.",S√£o Paulo
24 Best Things to Do in Buenos Aires | U.S. News Travel,"Nov 2, 2023¬∑ Discover the best experiences and things to do in Buenos Aires, Argentina, from seeing Eva Per√≥n's final resting place to attending a dinner and tango show.",Buenos Aires
12 Free Things to Do in Buenos Aires | U.S. News Travel,"Things to Do in Buenos Aires FAQs What are the best day trips from Buenos Aires? Colonia del Sacramento, Uruguay (40 miles away): Visit the oldest city in Uruguay (a UNESCO World ‚Ä¶",Buenos Aires
Buenos Aires Travel Guide | U.S. News Travel,"Guide to the best hotels and things to do in Buenos Aires. Maps, travel tips and more.",Buenos Aires
Palermo Reviews | U.S. News Travel,Palermo is ranked #1 out of 24 things to do in Buenos Aires. See pictures and our review of Palermo.,Buenos Aires
Puerto Madero Reviews | U.S. News Travel,"Mar 20, 2017¬∑ Puerto Madero is ranked #15 out of 24 things to do in Buenos Aires. See pictures and our review of Puerto Madero.",Buenos Aires
Museum of Latin American Art of Buenos Aires (Museo de Arte ...,Museum of Latin American Art of Buenos Aires (Museo de Arte Latinoamericano de Buenos Aires) is ranked #10 out of 24 things to do in Buenos Aires.,Buenos Aires
Col√≥n Theater (Teatro Col√≥n) Reviews | U.S. News Travel,Col√≥n Theater (Teatro Col√≥n) is ranked #3 out of 24 things to do in Buenos Aires. See pictures and our review of Col√≥n Theater (Teatro Col√≥n).,Buenos Aires
The Argentine Experience Reviews | U.S. News Travel,The Argentine Experience is ranked #5 out of 24 things to do in Buenos Aires. See pictures and our review of The Argentine Experience.,Buenos Aires
Buenos Aires Dinner Shows Reviews | U.S. News Travel,Buenos Aires Dinner Shows is ranked #4 out of 24 things to do in Buenos Aires. See pictures and our review of Buenos Aires Dinner Shows.,Buenos Aires
Palacio Barolo Reviews | U.S. News Travel,Palacio Barolo is ranked #18 out of 24 things to do in Buenos Aires. See pictures and our review of Palacio Barolo.,Buenos Aires
The 50Best Things To Do in Cape Townright now! - Inside Guide,"Dec 20, 2024¬∑ From Table Mountain and the Cape of Good Hope to the V&A Waterfront and False Bay, Cape Town is brimming with things to do, see, taste and explore.",Cape Town
44Best Things To Do in Cape Town- Time Out,"Start with Time Out's updated and expanded list of the very best things to do in Cape Town! With the Atlantic Ocean on the doorstep and Table Mountain National Park as the ‚Äòback garden‚Äô,...",Cape Town
THE 15 BESTThings to Do in Cape Town(2025) -Tripadvisor,"Things to Do in Cape Town, South Africa: See Tripadvisor's 868,902 traveler reviews and photos of Cape Town tourist attractions. Find what to do today, this weekend, or in April. We have ‚Ä¶",Cape Town
25 BestThings to do in Cape Town- The Crazy Tourist,"May 12, 2023¬∑ My pick on the 25 best things to do in Cape Town are therefore as eclectic as they are memorable. Miss them at your peril. 1. Table Mountain is more than an impressive ‚Ä¶",Cape Town
10 bestthings to do in Cape Town-Lonely Planet,"May 3, 2023¬∑ These are the top things to do in Cape Town. 1. Admire the view from atop Table Mountain. The nomadic Khoe-San people who once lived on the slopes of Cape Town‚Äôs ‚Ä¶",Cape Town
"30 BestThings To Do In Cape Town, South Africa (2025 Guide)","Jan 2, 2025¬∑ From taking the cable car to the top of Table Mountain, to exploring Cape Town‚Äôs wine route, to touring Robben Island or the Cape Of Good Hope, here are the 30 best things to ‚Ä¶",Cape Town
50+Things to Do in Cape Town: A Local's Guide - Wanderlust ‚Ä¶,"Mar 17, 2023¬∑ Cape Town is a ‚Äúchoose your own adventure‚Äù type of place. Whether you‚Äôre a foodie, adrenaline junkie or sports nerd ‚Äì there are possibilities for every kind of traveller! ‚Ä¶",Cape Town
Cape Town Things To Do- The City's Best Attractions and ‚Ä¶,"Here's our full guide to the very best things to do in Cape Town right now, from museums and galleries to hikes and safaris.",Cape Town
63 BestThings To Do In Cape Town- In Africa and Beyond,"Cape Town, also known as South Africa‚Äôs Mother City, is consistently listed amongst the best cities in the world. Here are 50 great things to do in Cape Town.",Cape Town
"The Ultimate Guide toThings to Do in Cape Town, South Africa","Discover the best things to do in Cape Town, South Africa! Explore our ultimate guide for an unforgettable experience.",Cape Town
THE 15 BESTThings to Do in Langkawi(2025) -Tripadvisor,"Things to Do in Langkawi, Malaysia: See Tripadvisor's 196,410 traveler reviews and photos of Langkawi tourist attractions. Find what to do today, this weekend, or in April. We have reviews of the best places to see in Langkawi. Visit top-rated & must-see attractions.",Langkawi
25 BestThings to Do in Langkawi (Malaysia) -The Crazy Tourist,"Jan 26, 2020¬∑ One of the delights of Langkawi is that it has many different attractions that will appeal to visitors, but you can also easily get away from the main tourist hubs and spend time sampling the local food and strolling in the traditional markets. Let‚Äôs explore the best things to do in Langkawi: 1. Visit Eagle Square.",Langkawi
9 BestThings To Do in Langkawi(3-Day Travel Guide) - Salt in ‚Ä¶,"Feb 21, 2024¬∑ Dig deeper into Langkawi‚Äôs adventurous side by exploring glorious waterfalls, viewpoints, dense jungle, and lush mangroves ‚Äì home to many species of wildlife. The archipelago is a must-visit on your Malaysia travel route. Here are 3 days filled with the best things to do in Langkawi!",Langkawi
24 IncredibleThings To Do In Langkawi: Complete Guide,"Dec 12, 2024¬∑ Have the ultimate Langkawi vacation with this list of the top things to do in Langkawi from the Langkawi Sky Bridge to island hopping to the best beaches.",Langkawi
"THE 30 BESTThings to Do in Langkawi, Malaysia (2025)","Panorama Langkawi SkyCab, Langkawi Sky Bridge, Nature and Wildlife Tours, Beaches. For personalised recommendations, try our AI trip-planning product. See what other travellers like to do, based on ratings and number of bookings. Book these experiences for a close-up look at Langkawi.",Langkawi
Top 10 MustDo in LangkawiExperiences,"Nov 15, 2024¬∑ To ease your planning woes, here is our list of the top ten must do in Langkawi experiences. 1. Water sports and snorkelling: A trip to Langkawi will be incomplete without enjoying some water sports in the blue Andaman Sea. Pantai Cenang and Pantai Tengah are the most popular beaches in Langkawi for water adventures. Here, visitors can enjoy ...",Langkawi
Bestthings to do in Langkawi2025 - Klook Travel,"Escape the city life and cruise along the waters of the Langkawi UNESCO Global Geopark, or discover the diverse wildlife in the park and even visit bats at their humble abode. You can even take a trip to the Crocodile Adventureland to see these ferocious beasts up close!",Langkawi
"20 BESTTHINGS TO DO IN LANGKAWI, MALAYSIA: A GUIDE","Jan 16, 2025¬∑ Most visitors head to Langkawi for the powdery white pristine sandy beaches, exploring the ancient rainforests and waterfalls, seeing the magnificent vistas and picture perfect viewpoints not to mention the UNESCO protected mangroves.",Langkawi
25things to do in Langkawi,"From heart-pounding escapades to blissful moments of tranquility, let us guide you through the top 25 must-do adventures that will weave unforgettable memories into your Langkawi sojourn. 1. Mangrove Tour",Langkawi
"15 BestThings to Do in Langkawi, Malaysia in 2025","Jan 27, 2025¬∑ To help you plan your holiday easily, we‚Äôve narrowed down the best Langkawi Malaysia attractions for you to consider during your upcoming trip. Check out some of the best things to do and experience in Langkawi Malaysia 2025 below. 1. Langkawi Jetski & Watersports Tour.",Langkawi
"17 UnmissableThings to do in Tokyo, Japan - Salt in our Hair ‚Ä¶","Mar 19, 2025¬∑ Discover the sprawling metropolis of Tokyo, the capital city of Japan ‚Äî home to weird and wonderful sights, neon flashing lights, expansive gardens, tavern-filled alleys, and sensory food markets.",Tokyo
The 28Best Things to Do in Tokyo-Cond√© Nast Traveler,"Jan 13, 2025¬∑ Our top recommendations for the best things to do in Tokyo, Japan, with pictures and travel tips. Find fun things to do, best places to visit, unusual things to do, and more for couples,...",Tokyo
THE 15 BESTThings to Do in Tokyo(2025) -Tripadvisor,"Things to Do in Tokyo, Japan: See Tripadvisor's 1,673,889 traveler reviews and photos of Tokyo tourist attractions. Find what to do today, this weekend, or in April. We have reviews of the best places to see in Tokyo. Visit top-rated & must-see attractions.",Tokyo
TokyoCity Guide - Whatto do in Tokyo-japan-guide.com,"Today, Tokyo offers a seemingly unlimited choice of shopping, entertainment, culture and dining to its visitors. The city's history can be appreciated in districts such as Asakusa and in many excellent museums, historic temples and gardens.",Tokyo
14 of the bestthings to do in Tokyo-Lonely Planet,"Mar 25, 2024¬∑ To maximize the experience on your first trip to Tokyo, here are our favorite things to do. 1. Experience a traditional Japanese art form. One of Asia's most iconic cities, Tokyo only became the capital of Japan in 1868, when the country's rulers decided to abandon centuries of conservative tradition and embrace the outside world.",Tokyo
101 bestthings to do in Tokyo- Time Out,"Our ultimate checklist of the best things to do and see in Tokyo, from museums and art galleries to restaurants and bars",Tokyo
50Things to Do in Tokyoin 2025: The Ultimate Bucket List,"Jan 6, 2025¬∑ That‚Äôs why I‚Äôve put together this ultimate bucket list of 50 things to do in Tokyo in 2025! From visiting world-famous landmarks like the Tokyo Tower and Sensoji Temple to sampling delicious local cuisine and exploring historic neighborhoods, there‚Äôs something for everyone in Japan‚Äôs capital city.",Tokyo
Top 20Things to Do in Tokyo- Trip To Japan,"Feb 5, 2025¬∑ Discover the top 20 things to do in Tokyo, from iconic sights like Shibuya Crossing and Tokyo Skytree to hidden gems, street food, and cultural experiences!",Tokyo
28 bestthings to do in Tokyo,"Feb 24, 2025¬∑ Here, the very best things to do in Tokyo. Check flights Plan your stay. This gallery has been updated with new information since its original publish date. PixHound. Kuramae. Once home to Edo-period rice granaries that drew wealthy merchants to its streets, Kuramae has evolved into Tokyo's newest creative hub. The riverside neighbourhood maintains its ‚Ä¶",Tokyo
30 Must-DoExperiencesin Tokyo(Our Personal Favorites),"Feb 24, 2025¬∑ 3. Sensoji Temple. The Sensoji Temple (ÊµÖËçâÂØ∫) of Asakusa (ÊµÖËçâ) is one of the most popular temples in Tokyo and the oldest dating back to 645 AD. The temple features a vibrant and colorful red-colored temple area that begins at Nakamise Street, where visitors can enjoy a variety of tasty Japanese street food.",Tokyo
25 Best Things to Do in Osaka (Japan) - The Crazy Tourist,"Nov 1, 2021¬∑ Here are the 25 best things to do in Osaka‚Ä¶ 1. Visit Osaka-jo Source: Sean Pavone / shutterstock Osaka Castle. Osaka Castle dates from 1583 when it was first built ‚Ä¶",Osaka
OsakaTravel Guide - Whatto do in OsakaCity -japan-guide.com,Popular theme park at Osaka's waterfront. Southern downtown of Osaka. One of Japan's most impressive aquariums. Popular summer festival with fireworks. Reconstruction of the large ‚Ä¶,Osaka
Things to Do in Osaka,"Things to Do in Osaka, Japan: See Tripadvisor's 433,669 traveler reviews and photos of Osaka tourist attractions. Find what to do today, this weekend, or in April. We have reviews of the ‚Ä¶",Osaka
"15 MemorableThings to do in Osaka, Japan - Salt in our Hair ‚Ä¶","Mar 19, 2025¬∑ Enjoy all the top things to do in Osaka, where neon lights and avant-garde fashion meet zen temples and narrow lantern-lit alleyways.",Osaka
26 UNIQUEThings to Do in Osaka[in 2025] - The Broke ‚Ä¶,"Jan 23, 2025¬∑ Osaka is the fantastic fusion between the busting capital of Tokyo and the ancient past of Kyoto. More laid-back, friendlier, and even more obsessed with food than Tokyo, there ‚Ä¶",Osaka
11 BestThings To Do In OsakaRight Now - Time Out,"From Osaka Castle to flashy Dotonbori, here are the best things to do in Osaka right now. üíÆ Is it insane to go to Japan for a week? Kirsty Bouwers is a staff writer for Time Out Tokyo....",Osaka
"50things to do in Osaka, Japan | UltimateOsakaTravel Guide!","In this article, we‚Äôre going to share some of the best things to do in Osaka, combining a mix of food adventures, popular attractions, and one-of-a-kind experiences you‚Äôll only get in Japan.",Osaka
15 BestThings To Do in Osaka- Japan Cheapo,"May 15, 2024¬∑ From foodie delights to historic castles, here are some of the best things to do in Osaka. Pro tip: If you‚Äôre interested in Japanese knives, Sakai in south Osaka is the place to ‚Ä¶",Osaka
[Osaka] 20 BestThings to Do in Osaka: Complete Guide to Top ...,"Dec 27, 2024¬∑ From towering skyscrapers to historic temples, from world-class entertainment to traditional shopping streets, this guide explores the city‚Äôs most remarkable destinations, ‚Ä¶",Osaka
39 Best & FunThings To Do In Osaka (Japan),"Jun 14, 2024¬∑ Osaka is considered to be a friendly and vibrant city. It boasts the largest shopping street in Japan, ancient temples, the tallest building in Japan, and several museums important ‚Ä¶",Osaka
"KyotoBucket List:18 Amazing Things to Do in Kyoto, Japan","Mar 13, 2021¬∑ Visiting the shrines and temples, with their perfectly landscaped gardens and views over the city, top the list for most visitors to Kyoto. But there are also bamboo groves and small neighborhoods to explore, food markets and shopping streets to visit, and some very cool day trips that you can take. The list of things to do in Kyoto is long.",Kyoto
15 best things to do in Kyoto-Lonely Planet,"Mar 1, 2025¬∑ Plan a trip around the following must-see sights and quintessential experiences to make the most of your time in Kyoto. Wooden prayer tablets at Kinkaku-ji. Rintaro Kanemoto for Lonely Planet. 1. Visit Kinkaku-ji the most popular temple in Kyoto.",Kyoto
KyotoTravel Guide - Whatto do in KyotoCity -japan-guide.com,"Countless temples, shrines and other historically priceless structures survive in the city today. Former Kyoto residence of the shogun. Large, excellent museum about trains in Japan. Imperial palace with beautiful gardens. Fresh food market street in central Kyoto. The Imperial Family's residence until 1868. Narrow lane offering atmospheric dining.",Kyoto
Things to Do in Kyoto,"Things to Do in Kyoto, Japan: See Tripadvisor's 584,066 traveler reviews and photos of Kyoto tourist attractions. Find what to do today, this weekend, or in April. We have reviews of the best places to see in Kyoto. Visit top-rated & must-see attractions.",Kyoto
"31 UnforgettableThings to Do in Kyoto, Japan - Never Ending ‚Ä¶","Sep 9, 2019¬∑ There are so many incredible things to do in Kyoto‚Äîyou can visit golden temples and vermillion shrines, stroll through Zen rock gardens and swaying bamboo forests, slurp down bowls of ramen and participate in graceful tea ceremonies.",Kyoto
50 BestThings to Do in Kyoto: 2025 Must-See Activities,"There are many Kyoto things to do, such as visiting the top attractions like Fushimi Inari Shrine or the Kinkakuji Temple, or hands-on cultural experiences like a traditional tea ceremony or learning the art of Japanese calligraphy.",Kyoto
"14 UnmissableThings to do in Kyoto, Japan - Salt in our Hair ‚Ä¶","Mar 19, 2025¬∑ Spend your days wandering among gold-leafed palaces, tranquil Japanese Gardens, and ancient bamboo groves, or immerse yourself in the creative culture at trendy art spaces, vintage shops, and kimono rental stores. There are so many incredible things to do in Kyoto ‚Äî discover them all in this complete travel guide!",Kyoto
Kyoto: 20 Main Attractions and Non-TouristyThings to Do,"Mar 17, 2025¬∑ Things to Do in Kyoto with Family 16. Kyoto Railway Museum. The Kyoto Railway Museum is situated just one station west of Kyoto Station. This facility is dedicated to trains and showcases exhibits that highlight the history of Japanese railways. Visitors can explore some of the displayed trains from the inside. Additionally, there is an interactive area featuring a train ‚Ä¶",Kyoto
"The 18 BESTThings to Do in Kyoto, Japan (2025 Update) -NOMADasaurus","Jan 25, 2025¬∑ When trying to pick the best things to do in Kyoto, Japan, you can‚Äôt go past this guide! Be amazed at what to do in Kyoto, the ancient capital city of the country! Kyoto is one of the most popular places to visit in Japan and proudly one of the most culturally diverse cities in the world.",Kyoto
25 BestThings to Do in Kyoto: Explore Bucket List Spots Like ...,"Jan 10, 2020¬∑ As the capital of Japan for over 1,000 years, Kyoto has a long history as a cultural powerhouse, and you can still experience the city's historical beauty and unique traditions today. In this article, we've compiled 25 of the best things to do in Kyoto.",Kyoto
27 BestThings to Do in Mexico City|Cond√© Nast Traveler,"Dec 17, 2024¬∑ Our top recommendations for the best things to do in Mexico City, Mexico, with pictures and travel tips. Find fun things to do, best places to visit, unusual things to do, and ‚Ä¶",Mexico City
THE 15 BESTThings to Do in Mexico City(2025) -Tripadvisor,"Things to Do in Mexico City, Mexico: See Tripadvisor's 825,823 traveler reviews and photos of Mexico City tourist attractions. Find what to do today, this weekend, or in April. We have ‚Ä¶",Mexico City
The 24 bestthings to do in Mexico City- Time Out,"Sep 26, 2024¬∑ Our list of the best things to do in Mexico City has everything from awesome concerts to amazing attractions. Buckle up.",Mexico City
16Best Things to Do in Mexico City| U.S. News Travel,"Aug 4, 2023¬∑ Ranking of the top 16 things to do in Mexico City. Travelers favorites include #1 Museo Nacional de Antropolog√≠a, #2 Bosque de Chapultepec and more.",Mexico City
The 20 BestThings to Do in Mexico City- Nomadic Matt's Travel ‚Ä¶,"Mar 5, 2025¬∑ Here are what I think are best things to do in Mexico City so that you can have fun and really get to know the city and culture on your trip to this vibrant capital! 1. Take a Walking ‚Ä¶",Mexico City
45 BestThings to Do in Mexico City| + Tips | 2025 - Voyage ‚Ä¶,"Dec 3, 2024¬∑ Here is my guide to Mexico City with the 37 best places to visit and things to do, including activities for the whole family. You‚Äôll find my best tips and advice to make the most of ‚Ä¶",Mexico City
MexicoInsider‚Äôs 25 absolute bestthings to do in Mexico City,"Jan 15, 2025¬∑ There is nothing like Mexico City. It‚Äôs a city that caters to a range of interests. It is a treasure trove of historical sites, home to some of the finest museums in the world, and the ‚Ä¶",Mexico City
49 IncredibleThings to Do in Mexico City- Maddy's Avenue,"Feb 1, 2025¬∑ Drawing on my experience living in Mexico City, this guide to the 49 best things to do in Mexico City includes it all: must-see Mexico City tourist attractions, unique, off-the ‚Ä¶",Mexico City
The 17 BestThings to Do in Mexico City: Top Itineraries for First-tim,"Discover the Best Things to Do in Mexico City with this comprehensive guide. This city has something for everyone, whether you're a first-timer or a veteran traveler. From tasty tacos ‚Ä¶",Mexico City
The bestthings to do in Mexico City- Time Out,"The ultimate guide to things to do in Mexico City, including events, festivals, attractions and free activites happening in the city.",Mexico City
